{
  "r_dim": 16,
  "lam": 0.5,
  "x_mode": "all",
  "lur_mode": "mlp",
  "attn_mode": "full",
  "x_dim": 6,
  "best_val": 48.96309192158351,
  "direct_mae": 2.886471748352051,
  "direct_rmse": 3.931178569793701,
  "direct_r2": 0.8666904270648956,
  "direct_adj_r2": 0.8666831072563645,
  "cross_mae": 3.3613150119781494,
  "cross_rmse": 4.67958927154541,
  "cross_r2": 0.8111003339290619,
  "cross_adj_r2": 0.8110899617603063,
  "stgnn_mae": 2.6143953800201416
}