{
  "r_dim": 16,
  "lam": 0.5,
  "x_mode": "all",
  "lur_mode": "linear",
  "attn_mode": "full",
  "x_dim": 6,
  "best_val": 48.54798683273458,
  "direct_mae": 2.74372935295105,
  "direct_rmse": 3.8168604373931885,
  "direct_r2": 0.8743309527635574,
  "direct_adj_r2": 0.8743240524836766,
  "cross_mae": 3.2855663299560547,
  "cross_rmse": 4.636343955993652,
  "cross_r2": 0.8145755380392075,
  "cross_adj_r2": 0.8145653566881714,
  "stgnn_mae": 2.6143953800201416
}