{
  "r_dim": 32,
  "lam": 0.5,
  "x_mode": "all",
  "lur_mode": "linear",
  "attn_mode": "full",
  "x_dim": 6,
  "best_val": 48.47171845837174,
  "direct_mae": 2.7426719665527344,
  "direct_rmse": 3.810039520263672,
  "direct_r2": 0.8747797012329102,
  "direct_adj_r2": 0.8747728255930668,
  "cross_mae": 3.335925817489624,
  "cross_rmse": 4.677742958068848,
  "cross_r2": 0.8112493455410004,
  "cross_adj_r2": 0.8112389815542264,
  "stgnn_mae": 2.6143953800201416
}