{
  "NDVI": -0.353683,
  "IBI": 0.004289
}