{
  "r_dim": 8,
  "lam": 0.5,
  "x_mode": "satellite",
  "lur_mode": "linear",
  "attn_mode": "full",
  "x_dim": 2,
  "best_val": 48.342566806579306,
  "direct_mae": 2.6455349922180176,
  "direct_rmse": 3.7251405715942383,
  "direct_r2": 0.8802980855107307,
  "direct_adj_r2": 0.8802958947127679,
  "cross_mae": 3.30804705619812,
  "cross_rmse": 4.651407718658447,
  "cross_r2": 0.8133686482906342,
  "cross_adj_r2": 0.8133652325425498,
  "stgnn_mae": 2.6143953800201416
}