{
  "r_dim": 16,
  "lam": 0.5,
  "x_mode": "none",
  "lur_mode": "linear",
  "attn_mode": "full",
  "x_dim": 0,
  "best_val": 49.775469615080645,
  "direct_mae": 2.89249587059021,
  "direct_rmse": 3.9212119579315186,
  "direct_r2": 0.8673655241727829,
  "direct_adj_r2": 0.8673655241727829,
  "cross_mae": 3.5327789783477783,
  "cross_rmse": 4.825967311859131,
  "cross_r2": 0.7990978956222534,
  "cross_adj_r2": 0.7990978956222534,
  "stgnn_mae": 2.6143953800201416
}