{
  "scenario": "S9_transport_pm10_weather_rain",
  "graph_mode": "static",
  "mae": 2.9177188873291016,
  "rmse": 4.133965661277685,
  "best_val_loss": 0.00014787521238972926,
  "elapsed_min": 51.2907414317131,
  "epochs": 100,
  "window": 48,
  "n_features": 13,
  "n_nodes": 40,
  "n_edges": 706
}