{
  "r_dim": 16,
  "lam": 0.5,
  "x_mode": "landcover",
  "lur_mode": "linear",
  "attn_mode": "full",
  "x_dim": 4,
  "best_val": 48.431160111293615,
  "direct_mae": 2.7131645679473877,
  "direct_rmse": 3.7968037128448486,
  "direct_r2": 0.8756482005119324,
  "direct_adj_r2": 0.8756436486272565,
  "cross_mae": 3.2584619522094727,
  "cross_rmse": 4.605478286743164,
  "cross_r2": 0.8170361518859863,
  "cross_adj_r2": 0.8170294545133718,
  "stgnn_mae": 2.6143953800201416
}