{
  "r_dim": 64,
  "lam": 0.5,
  "x_mode": "all",
  "lur_mode": "linear",
  "attn_mode": "full",
  "x_dim": 6,
  "best_val": 48.58232173295779,
  "direct_mae": 2.8724820613861084,
  "direct_rmse": 3.9088289737701416,
  "direct_r2": 0.8682019114494324,
  "direct_adj_r2": 0.8681946746340132,
  "cross_mae": 3.395214080810547,
  "cross_rmse": 4.699839115142822,
  "cross_r2": 0.8094619363546371,
  "cross_adj_r2": 0.8094514742241761,
  "stgnn_mae": 2.6143953800201416
}