{
  "r_dim": 16,
  "lam": 0.3,
  "x_mode": "all",
  "lur_mode": "linear",
  "attn_mode": "full",
  "x_dim": 9,
  "best_val": 49.09084519270424,
  "direct_mae": 2.650895833969116,
  "direct_rmse": 3.7242937088012695,
  "direct_r2": 0.8803525045514107,
  "direct_adj_r2": 0.8803426498112347,
  "cross_mae": 3.257092237472534,
  "cross_rmse": 4.59166955947876,
  "cross_r2": 0.8181317150592804,
  "cross_adj_r2": 0.8181167355171877,
  "stgnn_mae": 2.6143953800201416
}