{
  "scenario": "S7_transport_pm10_weather",
  "graph_mode": "soft_dynamic",
  "mae": 2.965824604034424,
  "rmse": 4.113578010424934,
  "best_val_loss": 0.00016008223420337957,
  "elapsed_min": 43.72669377326965,
  "epochs": 100,
  "window": 12,
  "n_features": 10,
  "n_nodes": 40,
  "n_edges": 706
}