{
  "r_dim": 16,
  "lam": 0.5,
  "x_mode": "satellite",
  "lur_mode": "linear",
  "attn_mode": "full",
  "x_dim": 2,
  "best_val": 50.18656937429838,
  "direct_mae": 2.6658809185028076,
  "direct_rmse": 3.767996072769165,
  "direct_r2": 0.877528041601181,
  "direct_adj_r2": 0.8775258001055617,
  "cross_mae": 3.3712241649627686,
  "cross_rmse": 4.778101444244385,
  "cross_r2": 0.8030633628368378,
  "cross_adj_r2": 0.8030597584802547,
  "stgnn_mae": 2.6143953800201416
}