{
  "r_dim": 8,
  "lam": 0.5,
  "x_mode": "all",
  "lur_mode": "linear",
  "attn_mode": "spatial_only",
  "x_dim": 9,
  "best_val": 47.7630049268776,
  "direct_mae": 2.7013349533081055,
  "direct_rmse": 3.745908260345459,
  "direct_r2": 0.8789596855640411,
  "direct_adj_r2": 0.8789497161046294,
  "cross_mae": 3.4568350315093994,
  "cross_rmse": 4.777270317077637,
  "cross_r2": 0.8031318783760071,
  "cross_adj_r2": 0.8031156633755988,
  "stgnn_mae": 2.6143953800201416
}