{
  "scenario": "S6_transport_pm10_pollutants_summarymask",
  "graph_mode": "soft_dynamic",
  "mae": 3.014451742172241,
  "rmse": 4.194428363176947,
  "best_val_loss": 0.00015829041294637136,
  "elapsed_min": 26.73694601456324,
  "epochs": 100,
  "window": 24,
  "n_features": 9,
  "n_nodes": 40,
  "n_edges": 706
}