{
  "NDVI": -0.453816,
  "IBI": 0.008964,
  "buildings_%": 0.037767,
  "greenspace_%": 0.054549,
  "road_struc_%": 0.222284,
  "river_zone_%": 0.105873
}