{
  "r_dim": 8,
  "lam": 0.3,
  "x_mode": "no_building",
  "lur_mode": "linear",
  "attn_mode": "full",
  "x_dim": 6,
  "best_val": 49.372232441590214,
  "direct_mae": 2.644563674926758,
  "direct_rmse": 3.7275524139404297,
  "direct_r2": 0.8801430240273476,
  "direct_adj_r2": 0.8801364428787031,
  "cross_mae": 3.329983949661255,
  "cross_rmse": 4.666435241699219,
  "cross_r2": 0.8121607899665833,
  "cross_adj_r2": 0.8121504760257177,
  "stgnn_mae": 2.6143953800201416
}