{
  "NDVI": -0.408209,
  "IBI": 0.032063,
  "buildings_%": -0.042196,
  "greenspace_%": 0.100232,
  "road_struc_%": 0.150095,
  "river_zone_%": 0.022461
}