{
  "r_dim": 16,
  "lam": 0.7,
  "x_mode": "all",
  "lur_mode": "linear",
  "attn_mode": "full",
  "x_dim": 6,
  "best_val": 45.49928993153795,
  "direct_mae": 2.7539825439453125,
  "direct_rmse": 3.799076557159424,
  "direct_r2": 0.8754992783069611,
  "direct_adj_r2": 0.8754924421779067,
  "cross_mae": 3.302766799926758,
  "cross_rmse": 4.626474857330322,
  "cross_r2": 0.8153640925884247,
  "cross_adj_r2": 0.8153539545356169,
  "stgnn_mae": 2.6143953800201416
}