{
  "r_dim": 8,
  "lam": 0.3,
  "x_mode": "all",
  "lur_mode": "linear",
  "attn_mode": "full",
  "x_dim": 9,
  "best_val": 49.393689373943296,
  "direct_mae": 2.6575002670288086,
  "direct_rmse": 3.7368459701538086,
  "direct_r2": 0.8795446380972862,
  "direct_adj_r2": 0.8795347168173638,
  "cross_mae": 3.3042402267456055,
  "cross_rmse": 4.645909786224365,
  "cross_r2": 0.8138096034526825,
  "cross_adj_r2": 0.8137942679207988,
  "stgnn_mae": 2.6143953800201416
}