{
  "r_dim": 8,
  "lam": 0.5,
  "x_mode": "all",
  "lur_mode": "linear",
  "attn_mode": "full",
  "x_dim": 6,
  "best_val": 48.16985640570382,
  "direct_mae": 2.6961801052093506,
  "direct_rmse": 3.7632107734680176,
  "direct_r2": 0.8778389245271683,
  "direct_adj_r2": 0.8778322168642246,
  "cross_mae": 3.269744396209717,
  "cross_rmse": 4.621361255645752,
  "cross_r2": 0.8157720118761063,
  "cross_adj_r2": 0.815761896221473,
  "stgnn_mae": 2.6143953800201416
}