{
  "exp_id": "V5-bias",
  "use_bias": true,
  "use_seasonal": false,
  "use_hier": false,
  "mlp_hidden": [
    64,
    32
  ],
  "val_mae": 3.9065608978271484,
  "test_mae": 2.600722551345825,
  "test_rmse": 3.669316053390503,
  "test_r2": 0.8838588779943186,
  "stgnn_mae": 2.6143953800201416,
  "elapsed_min": 14.47
}