{
  "r_dim": 16,
  "lam": 0.5,
  "x_mode": "all",
  "lur_mode": "linear",
  "attn_mode": "full",
  "x_dim": 9,
  "best_val": 47.27180476946251,
  "direct_mae": 2.7034831047058105,
  "direct_rmse": 3.755661964416504,
  "direct_r2": 0.8783285319805145,
  "direct_adj_r2": 0.8783185105362739,
  "cross_mae": 3.27009916305542,
  "cross_rmse": 4.625705242156982,
  "cross_r2": 0.8154255002737045,
  "cross_adj_r2": 0.8154102978348143,
  "stgnn_mae": 2.6143953800201416
}