{
  "r_dim": 8,
  "lam": 0.5,
  "x_mode": "all",
  "lur_mode": "mlp",
  "attn_mode": "full",
  "x_dim": 9,
  "best_val": 48.148462812477185,
  "direct_mae": 2.7471208572387695,
  "direct_rmse": 3.7988109588623047,
  "direct_r2": 0.8755166828632355,
  "direct_adj_r2": 0.8755064298216483,
  "cross_mae": 3.3698606491088867,
  "cross_rmse": 4.703153610229492,
  "cross_r2": 0.8091930747032166,
  "cross_adj_r2": 0.8091773589319374,
  "stgnn_mae": 2.6143953800201416
}