{
  "scenario": "S4_transport_pm10_pollutants_pm10mask",
  "graph_mode": "static",
  "mae": 2.8082785606384277,
  "rmse": 3.9988213233036567,
  "best_val_loss": 0.00015756340384113547,
  "elapsed_min": 50.39206653436025,
  "epochs": 100,
  "window": 48,
  "n_features": 9,
  "n_nodes": 40,
  "n_edges": 706
}