{
  "r_dim": 32,
  "lam": 0.5,
  "x_mode": "all",
  "lur_mode": "linear",
  "attn_mode": "full",
  "x_dim": 9,
  "best_val": 47.36292965167036,
  "direct_mae": 2.717017889022827,
  "direct_rmse": 3.7728703022003174,
  "direct_r2": 0.8772109895944595,
  "direct_adj_r2": 0.8772008761040812,
  "cross_mae": 3.346503734588623,
  "cross_rmse": 4.679793834686279,
  "cross_r2": 0.8110837936401367,
  "cross_adj_r2": 0.8110682335975153,
  "stgnn_mae": 2.6143953800201416
}