{
  "r_dim": 16,
  "lam": 0.3,
  "x_mode": "all",
  "lur_mode": "linear",
  "attn_mode": "full",
  "x_dim": 6,
  "best_val": 51.196465666048994,
  "direct_mae": 2.9116477966308594,
  "direct_rmse": 3.9846575260162354,
  "direct_r2": 0.8630387336015701,
  "direct_adj_r2": 0.8630312132845807,
  "cross_mae": 3.4746150970458984,
  "cross_rmse": 4.786148548126221,
  "cross_r2": 0.8023994714021683,
  "cross_adj_r2": 0.8023886214834182,
  "stgnn_mae": 2.6143953800201416
}