{
  "r_dim": 8,
  "lam": 0.7,
  "x_mode": "all",
  "lur_mode": "linear",
  "attn_mode": "full",
  "x_dim": 9,
  "best_val": 44.8412338996602,
  "direct_mae": 2.732325553894043,
  "direct_rmse": 3.7872023582458496,
  "direct_r2": 0.8762763366103172,
  "direct_adj_r2": 0.8762661461374472,
  "cross_mae": 3.416114568710327,
  "cross_rmse": 4.733769416809082,
  "cross_r2": 0.8067008256912231,
  "cross_adj_r2": 0.8066849046463913,
  "stgnn_mae": 2.6143953800201416
}