{
  "scenario": "S7_transport_pm10_weather",
  "graph_mode": "static",
  "mae": 2.9974637031555176,
  "rmse": 4.096149702197479,
  "best_val_loss": 0.0001459206101785907,
  "elapsed_min": 25.63279427687327,
  "epochs": 100,
  "window": 24,
  "n_features": 10,
  "n_nodes": 40,
  "n_edges": 706
}