{
  "r_dim": 8,
  "lam": 0.5,
  "x_mode": "all",
  "lur_mode": "linear",
  "attn_mode": "full",
  "x_dim": 9,
  "best_val": 47.73976248892668,
  "direct_mae": 2.7229042053222656,
  "direct_rmse": 3.791903257369995,
  "direct_r2": 0.8759690001606941,
  "direct_adj_r2": 0.8759587843741237,
  "cross_mae": 3.428424596786499,
  "cross_rmse": 4.768222332000732,
  "cross_r2": 0.8038768917322159,
  "cross_adj_r2": 0.8038607380946721,
  "stgnn_mae": 2.6143953800201416
}