{
  "r_dim": 32,
  "lam": 0.3,
  "x_mode": "all",
  "lur_mode": "linear",
  "attn_mode": "full",
  "x_dim": 9,
  "best_val": 50.16175881947312,
  "direct_mae": 2.720491409301758,
  "direct_rmse": 3.7745115756988525,
  "direct_r2": 0.877104140818119,
  "direct_adj_r2": 0.8770940185271642,
  "cross_mae": 3.3436124324798584,
  "cross_rmse": 4.672488689422607,
  "cross_r2": 0.8116731494665146,
  "cross_adj_r2": 0.8116576379660588,
  "stgnn_mae": 2.6143953800201416
}