{
  "features": [
    "기온",
    "습도",
    "is_dry",
    "hum_sq",
    "temp_x_hum",
    "month_sin",
    "month_cos",
    "season",
    "is_weekend",
    "weekday",
    "도로길이",
    "gu_enc",
    "is_daero",
    "ambient_pm10_daily",
    "traffic_mean",
    "traffic_log",
    "is_rush"
  ],
  "train_mae": 5.186391732907317,
  "test_mae": 10.02922118870602,
  "test_r2": 0.2924596867374779,
  "winsorize_pct": 95,
  "winsorize_cap": 64.0,
  "use_log_target": true,
  "train_period": "2023~2024",
  "test_period": "2025",
  "n_train": 3242,
  "n_test": 2658,
  "feature_importance": {
    "ambient_pm10_daily": 0.13316461782956887,
    "temp_x_hum": 0.12322308383502283,
    "gu_enc": 0.1030319112394596,
    "도로길이": 0.10117725523040931,
    "습도": 0.09544465794821293,
    "hum_sq": 0.09498177196764009,
    "season": 0.06998732332747387,
    "month_cos": 0.06268661662063832,
    "traffic_mean": 0.05258525291683017,
    "traffic_log": 0.051524597264196045,
    "기온": 0.051214585178144596,
    "weekday": 0.03136098839589457,
    "month_sin": 0.021127422460388536,
    "is_daero": 0.005725459263371885,
    "is_dry": 0.0014368192323944019,
    "is_rush": 0.0013276372903541203,
    "is_weekend": 0.0
  }
}