{
  "NDVI": -0.448453,
  "IBI": 0.015179
}