{
  "r_dim": 8,
  "lam": 0.3,
  "x_mode": "satellite",
  "lur_mode": "linear",
  "attn_mode": "full",
  "x_dim": 2,
  "best_val": 51.73144434991284,
  "direct_mae": 2.68437123298645,
  "direct_rmse": 3.742262125015259,
  "direct_r2": 0.8791951984167099,
  "direct_adj_r2": 0.8791929874335829,
  "cross_mae": 3.3216614723205566,
  "cross_rmse": 4.639825820922852,
  "cross_r2": 0.8142969012260437,
  "cross_adj_r2": 0.8142935024669494,
  "stgnn_mae": 2.6143953800201416
}