{
  "r_dim": 8,
  "lam": 0.5,
  "x_mode": "none",
  "lur_mode": "linear",
  "attn_mode": "full",
  "x_dim": 0,
  "best_val": 48.03226943328002,
  "direct_mae": 2.6725013256073,
  "direct_rmse": 3.736166000366211,
  "direct_r2": 0.8795884624123573,
  "direct_adj_r2": 0.8795884624123573,
  "cross_mae": 3.514070510864258,
  "cross_rmse": 4.79680061340332,
  "cross_r2": 0.8015189319849014,
  "cross_adj_r2": 0.8015189319849014,
  "stgnn_mae": 2.6143953800201416
}