{
  "r_dim": 8,
  "lam": 0.3,
  "x_mode": "none",
  "lur_mode": "linear",
  "attn_mode": "full",
  "x_dim": 0,
  "best_val": 49.79656234634257,
  "direct_mae": 2.6104531288146973,
  "direct_rmse": 3.7145018577575684,
  "direct_r2": 0.880980834364891,
  "direct_adj_r2": 0.880980834364891,
  "cross_mae": 3.3545596599578857,
  "cross_rmse": 4.683900356292725,
  "cross_r2": 0.8107521235942841,
  "cross_adj_r2": 0.8107521235942841,
  "stgnn_mae": 2.6143953800201416
}