{
  "orig_stgnn_mae": 2.6143953800201416,
  "v4_stgnn_mae": 4.100086212158203,
  "v4_stgnn_r2": 0.7294450673371387,
  "v4_direct_mae": 3.958080530166626,
  "v4_direct_r2": 0.7412018139175525,
  "v4_spatial_mae": 5.219511032104492,
  "v4_spatial_r2": 0.6136106017985411
}