{
  "r_dim": 8,
  "lam": 0.2,
  "x_mode": "all",
  "lur_mode": "linear",
  "attn_mode": "full",
  "x_dim": 9,
  "best_val": 50.71329216199501,
  "direct_mae": 2.7717251777648926,
  "direct_rmse": 3.8120641708374023,
  "direct_r2": 0.8746465891599655,
  "direct_adj_r2": 0.874636264453298,
  "cross_mae": 3.3887417316436768,
  "cross_rmse": 4.711117267608643,
  "cross_r2": 0.8085463792085648,
  "cross_adj_r2": 0.8085306101723506,
  "stgnn_mae": 2.6143953800201416
}