{
  "r_dim": 8,
  "lam": 0.3,
  "x_mode": "all",
  "lur_mode": "mlp",
  "attn_mode": "full",
  "x_dim": 9,
  "best_val": 50.622810087471365,
  "direct_mae": 2.8509957790374756,
  "direct_rmse": 3.900073766708374,
  "direct_r2": 0.8687916696071625,
  "direct_adj_r2": 0.8687808626613078,
  "cross_mae": 3.2831084728240967,
  "cross_rmse": 4.604832172393799,
  "cross_r2": 0.8170875161886215,
  "cross_adj_r2": 0.817072450641314,
  "stgnn_mae": 2.6143953800201416
}